Location,Latitude,Longitude,Date_Reported,Date_Occurred,Time_Occurred,Area_ID,Area_Name,Reporting_District_no,Part 1-2,Victim_Age,Victim_Sex,Victim_Descent,Premise_Description,Weapon_Used_Code,Status,Status_Description,Crime_Category,is_anomaly
7500 FOUNTAIN AV,34.0962,-118.349,1/1/2020 0:00,1/1/2020 0:00,240,6,Hollywood,644,2,38,F,O,"MULTI-UNIT DWELLING (APARTMENT, DUPLEX, ETC)",102,AA,Adult Arrest,Crimes against Public Order,1
800 S FLOWER ST,34.0473,-118.2601,1/2/2020 0:00,1/1/2020 0:00,230,1,Central,162,1,31,M,O,SIDEWALK,512,AO,Adult Other,Violent Crimes,1
12500 VENICE BL,33.9978,-118.4456,1/3/2020 0:00,1/3/2020 0:00,30,14,Pacific,1434,1,0,X,X,LIQUOR STORE,106,AO,Adult Other,Property Crimes,1
13800 SHERMAN WY,34.205,-118.4339,1/3/2020 0:00,1/3/2020 0:00,5,9,Van Nuys,909,2,0,X,X,SIDEWALK,500,IC,Invest Cont,Property Crimes,1
800 N ALAMEDA ST,34.0563,-118.2374,1/5/2020 0:00,1/5/2020 0:00,2130,1,Central,119,1,0,X,X,LA UNION STATION (NOT LINE SPECIFIC),400,AA,Adult Arrest,Property Crimes,1
KESTER,34.1721,-118.4574,1/5/2020 0:00,1/5/2020 0:00,1930,9,Van Nuys,941,2,0,M,X,PARKING LOT,109,IC,Invest Cont,Crimes against Public Order,1
11400 S VERMONT AV,33.931,-118.2916,1/5/2020 0:00,1/5/2020 0:00,2120,18,Southeast,1861,1,0,X,X,MEDICAL MARIJUANA FACILITIES/BUSINESSES,109,AA,Adult Arrest,Property Crimes,1
6TH ST,34.047,-118.2526,1/6/2020 0:00,1/6/2020 0:00,755,1,Central,153,1,61,X,X,SIDEWALK,500,AA,Adult Arrest,Violent Crimes,1
1300 WILCOX AV,34.0944,-118.331,1/7/2020 0:00,1/7/2020 0:00,50,6,Hollywood,666,2,0,X,X,POLICE FACILITY,400,AA,Adult Arrest,Violent Crimes,1
19200 LINNET ST,34.1691,-118.5512,1/8/2020 0:00,1/8/2020 0:00,1300,10,West Valley,1061,1,62,F,O,SINGLE FAMILY DWELLING,200,IC,Invest Cont,Violent Crimes,1
4300 CRENSHAW BL,34.0054,-118.3338,1/9/2020 0:00,1/9/2020 0:00,1554,3,Southwest,393,1,19,X,X,CELL PHONE STORE,113,IC,Invest Cont,Property Crimes,1
4700 MORSE AV,34.1558,-118.416,1/10/2020 0:00,1/10/2020 0:00,20,9,Van Nuys,979,2,44,M,O,YARD (RESIDENTIAL/BUSINESS),111,IC,Invest Cont,Crimes against Public Order,1
7000 HOLLYWOOD BL,34.1016,-118.3417,1/11/2020 0:00,1/11/2020 0:00,1700,6,Hollywood,645,1,0,X,X,HEALTH SPA/GYM,219,IC,Invest Cont,Property Crimes,1
12100 VENTURA BL,34.1436,-118.3953,1/12/2020 0:00,1/11/2020 0:00,2300,15,N Hollywood,1591,1,0,X,X,RESTAURANT/FAST FOOD,102,AA,Adult Arrest,Property Crimes,1
15100 CALIFA ST,34.1776,-118.4618,1/12/2020 0:00,1/12/2020 0:00,1000,9,Van Nuys,941,2,0,X,X,PUBLIC STORAGE,101,AA,Adult Arrest,Crimes against Public Order,1
1700 W VENICE BL,34.0443,-118.2916,1/13/2020 0:00,1/12/2020 0:00,2300,20,Olympic,2076,1,0,X,X,RESTAURANT/FAST FOOD,500,IC,Invest Cont,Property Crimes,1
5300 S VAN NESS AV,33.9922,-118.3276,1/15/2020 0:00,1/14/2020 0:00,1930,12,77th Street,1211,2,0,X,X,STREET,106,IC,Invest Cont,Crimes against Public Order,1
2500 LINCOLN BL,33.9924,-118.4495,1/16/2020 0:00,1/16/2020 0:00,1657,14,Pacific,1444,1,0,X,X,CELL PHONE STORE,113,IC,Invest Cont,Property Crimes,1
20900 ROSCOE BL,34.2199,-118.5885,1/16/2020 0:00,1/16/2020 0:00,1805,21,Topanga,2126,1,30,F,A,PARKING LOT,102,JA,Juv Arrest,Property Crimes,1
6900 SIMPSON AV,34.1958,-118.3889,1/21/2020 0:00,1/20/2020 0:00,50,15,N Hollywood,1515,2,0,M,O,STREET,106,IC,Invest Cont,Crimes against Public Order,1
1800 JAMES M WOOD BL,34.0519,-118.2755,1/22/2020 0:00,1/22/2020 0:00,2130,2,Rampart,275,1,0,X,X,MARKET,215,IC,Invest Cont,Property Crimes,1
8400 LINCOLN BL,33.9616,-118.4208,1/22/2020 0:00,1/22/2020 0:00,320,14,Pacific,1474,1,0,X,X,RESTAURANT/FAST FOOD,101,IC,Invest Cont,Property Crimes,1
400 S BERENDO ST,34.0674,-118.2941,1/22/2020 0:00,1/22/2020 0:00,1458,20,Olympic,2026,1,48,F,A,"MULTI-UNIT DWELLING (APARTMENT, DUPLEX, ETC)",500,AA,Adult Arrest,Crimes against Persons,1
8100 W SUNSET BL,34.098,-118.3652,1/23/2020 0:00,1/23/2020 0:00,605,6,Hollywood,632,2,0,X,X,HEALTH SPA/GYM,400,AO,Adult Other,Property Crimes,1
9300 TAMPA AV,34.244,-118.5583,1/24/2020 0:00,1/24/2020 0:00,2000,17,Devonshire,1764,1,0,X,X,DEPARTMENT STORE,400,AA,Adult Arrest,Property Crimes,1
SLAUSON AV,33.9892,-118.3024,1/24/2020 0:00,1/24/2020 0:00,2300,12,77th Street,1235,2,0,X,X,SIDEWALK,400,IC,Invest Cont,Violent Crimes,1
2800 WEST VIEW ST,34.0283,-118.3492,1/26/2020 0:00,1/26/2020 0:00,100,3,Southwest,331,2,19,X,X,SINGLE FAMILY DWELLING,106,IC,Invest Cont,Crimes against Public Order,1
13900 SHERMAN WY,34.2012,-118.4356,1/26/2020 0:00,1/26/2020 0:00,1,9,Van Nuys,916,1,71,F,O,"MULTI-UNIT DWELLING (APARTMENT, DUPLEX, ETC)",207,IC,Invest Cont,Crimes against Public Order,1
1700 N SEPULVEDA BL,34.0998,-118.4783,1/27/2020 0:00,1/27/2020 0:00,1300,8,West LA,805,2,0,X,X,STREET,109,IC,Invest Cont,Crimes against Public Order,1
10000 GOTHIC AV,34.2519,-118.4893,1/28/2020 0:00,1/28/2020 0:00,1,17,Devonshire,1758,2,55,F,O,SINGLE FAMILY DWELLING,400,AA,Adult Arrest,Violent Crimes,1
5900 PICO BL,34.0517,-118.3675,1/29/2020 0:00,1/29/2020 0:00,432,7,Wilshire,762,1,0,M,O,OTHER STORE,102,IC,Invest Cont,Property Crimes,1
1400 E 15TH ST,34.026,-118.246,1/30/2020 0:00,1/29/2020 0:00,232,13,Newton,1317,1,0,X,X,OTHER BUSINESS,506,IC,Invest Cont,Property Crimes,1
20600 TRIBUNE ST,34.2663,-118.5815,1/31/2020 0:00,1/31/2020 0:00,1930,17,Devonshire,1723,1,47,F,O,SINGLE FAMILY DWELLING,500,IC,Invest Cont,Property Crimes,1
7200 WOODMAN AV,34.2012,-118.4313,2/1/2020 0:00,1/31/2020 0:00,2000,9,Van Nuys,909,1,0,X,X,DRUG STORE,219,AA,Adult Arrest,Property Crimes,1
8TH,34.0445,-118.2558,2/2/2020 0:00,2/1/2020 0:00,1950,1,Central,163,1,20,F,O,SIDEWALK,400,AO,Adult Other,Property Crimes,1
14800 MAGNOLIA BL,34.1649,-118.4553,2/4/2020 0:00,2/4/2020 0:00,530,9,Van Nuys,963,1,0,X,X,GAS STATION,200,IC,Invest Cont,Property Crimes,1
1800 THAYER AV,34.0554,-118.4266,2/6/2020 0:00,2/6/2020 0:00,900,8,West LA,836,1,67,F,O,SINGLE FAMILY DWELLING,500,IC,Invest Cont,Property Crimes,1
1800 S WESTERN AV,34.0418,-118.3134,2/7/2020 0:00,2/7/2020 0:00,2000,20,Olympic,2081,1,0,X,X,DEPARTMENT STORE,400,IC,Invest Cont,Property Crimes,1
1900 W 6TH ST,34.0585,-118.2725,2/8/2020 0:00,2/8/2020 0:00,246,2,Rampart,256,2,0,X,X,RESTAURANT/FAST FOOD,212,IC,Invest Cont,Property Crimes,1
PENROSE ST,34.2276,-118.3737,2/8/2020 0:00,2/8/2020 0:00,200,16,Foothill,1675,1,57,M,O,STREET,500,IC,Invest Cont,Property Crimes,1
1500 LAKME AV,33.7935,-118.2607,2/10/2020 0:00,2/7/2020 0:00,2030,5,Harbor,518,2,16,X,X,HIGH SCHOOL,400,AO,Adult Other,Violent Crimes,1
600 W 76TH ST,33.9727,-118.285,2/12/2020 0:00,2/12/2020 0:00,2000,12,77th Street,1256,2,0,X,X,STREET,511,AO,Adult Other,Crimes against Public Order,1
10000 S VERMONT AV,33.9455,-118.2916,2/13/2020 0:00,2/13/2020 0:00,103,18,Southeast,1821,1,0,X,X,GAS STATION,511,IC,Invest Cont,Property Crimes,1
4500 DON FELIPE DR,34.0067,-118.3532,2/14/2020 0:00,2/14/2020 0:00,1910,3,Southwest,391,1,73,M,A,SINGLE FAMILY DWELLING,113,AA,Adult Arrest,Crimes against Public Order,1
500 S NEW HAMPSHIRE AV,34.0654,-118.2929,2/18/2020 0:00,2/18/2020 0:00,515,20,Olympic,2027,1,0,X,X,"MULTI-UNIT DWELLING (APARTMENT, DUPLEX, ETC)",500,IC,Invest Cont,Property Crimes,1
5400 LINDLEY AV,34.1629,-118.5263,2/18/2020 0:00,2/18/2020 0:00,1,10,West Valley,1075,2,12,M,A,"MULTI-UNIT DWELLING (APARTMENT, DUPLEX, ETC)",400,AA,Adult Arrest,Crimes against Persons,1
11800 GORHAM AV,34.0528,-118.4676,2/19/2020 0:00,2/19/2020 0:00,2200,8,West LA,832,2,62,F,O,STREET,500,IC,Invest Cont,Violent Crimes,1
9400 W PICO BL,34.0553,-118.3942,2/19/2020 0:00,2/19/2020 0:00,345,8,West LA,857,2,0,X,X,OTHER BUSINESS,400,IC,Invest Cont,Property Crimes,1
11900 DUNNICLIFFE CT,34.2878,-118.5367,2/20/2020 0:00,2/20/2020 0:00,2000,17,Devonshire,1714,1,77,F,O,SINGLE FAMILY DWELLING,500,IC,Invest Cont,Property Crimes,1
4300 LAUREL CANYON BL,34.1478,-118.4071,2/21/2020 0:00,2/21/2020 0:00,1800,15,N Hollywood,1581,1,60,M,A,RESTAURANT/FAST FOOD,113,IC,Invest Cont,Property Crimes,1
800 W 78TH ST,33.9688,-118.2871,2/21/2020 0:00,2/21/2020 0:00,129,12,77th Street,1257,1,0,F,A,SIDEWALK,207,AA,Adult Arrest,Violent Crimes,1
400 E 5TH ST,34.0453,-118.2443,2/22/2020 0:00,2/22/2020 0:00,645,1,Central,147,2,0,X,X,OFFICE BUILDING/OFFICE,400,AO,Adult Other,Property Crimes,1
19900 CANTARA ST,34.2189,-118.5667,2/22/2020 0:00,2/22/2020 0:00,2010,21,Topanga,2129,1,74,M,A,SINGLE FAMILY DWELLING,104,IC,Invest Cont,Property Crimes,1
7TH,34.0562,-118.2762,2/23/2020 0:00,2/23/2020 0:00,1,2,Rampart,246,2,0,X,X,RESTAURANT/FAST FOOD,212,AA,Adult Arrest,Property Crimes,1
1500 S WESTERN AV,34.0454,-118.3134,2/26/2020 0:00,2/25/2020 0:00,2343,20,Olympic,2071,1,0,X,X,DEPARTMENT STORE,400,IC,Invest Cont,Property Crimes,1
23300 AVENUE SAN LUIS,34.1601,-118.6341,2/28/2020 0:00,2/27/2020 0:00,100,21,Topanga,2183,2,65,M,O,RESTAURANT/FAST FOOD,400,IC,Invest Cont,Violent Crimes,1
7800 VAN NUYS BL,34.212,-118.4488,3/1/2020 0:00,3/1/2020 0:00,1332,19,Mission,1998,1,0,X,X,MINI-MART,400,AA,Adult Arrest,Property Crimes,1
7600 S BROADWAY,33.9708,-118.2783,3/1/2020 0:00,3/1/2020 0:00,40,12,77th Street,1258,2,19,X,X,DETENTION/JAIL FACILITY,500,AA,Adult Arrest,Violent Crimes,1
3000 CRENSHAW BL,34.0276,-118.3351,3/1/2020 0:00,3/1/2020 0:00,1025,3,Southwest,334,2,0,X,X,RESTAURANT/FAST FOOD,400,IC,Invest Cont,Property Crimes,1
100 N GAFFEY ST,33.7433,-118.2923,3/1/2020 0:00,3/1/2020 0:00,440,5,Harbor,557,1,0,M,O,OTHER BUSINESS,106,AA,Adult Arrest,Property Crimes,1
FALLBROOK AV,34.166,-118.6233,3/2/2020 0:00,3/1/2020 0:00,2330,21,Topanga,2173,1,24,F,W,STREET,102,IC,Invest Cont,Crimes against Public Order,1
4500 S FIGUEROA ST,33.9997,-118.2849,3/2/2020 0:00,3/2/2020 0:00,2315,12,77th Street,1208,1,20,X,X,STREET,102,AA,Adult Arrest,Violent Crimes,1
9300 TAMPA AV,34.244,-118.5583,3/3/2020 0:00,3/3/2020 0:00,1900,17,Devonshire,1764,1,0,X,X,DEPARTMENT STORE,109,JA,Juv Arrest,Property Crimes,1
12200 EXPOSITION BL,34.0313,-118.4536,3/3/2020 0:00,3/3/2020 0:00,2200,8,West LA,881,2,52,X,X,MTA - EXPO LINE - EXPO/BUNDY,400,JA,Juv Arrest,Violent Crimes,1
1300 N AVALON BL,33.7888,-118.2631,3/4/2020 0:00,3/4/2020 0:00,956,5,Harbor,517,1,0,M,O,OTHER STORE,109,AA,Adult Arrest,Property Crimes,1
12000 S VERMONT AV,33.9237,-118.2915,3/6/2020 0:00,3/6/2020 0:00,1610,18,Southeast,1831,2,0,X,X,STREET,109,IC,Invest Cont,Property Crimes,1
11TH AV,34.0256,-118.3293,3/7/2020 0:00,3/7/2020 0:00,2211,3,Southwest,334,2,19,X,X,STREET,102,IC,Invest Cont,Crimes against Public Order,1
4200 BEVERLY BL,34.0799,-118.3025,3/8/2020 0:00,3/8/2020 0:00,550,20,Olympic,2005,1,0,X,X,OTHER BUSINESS,109,AA,Adult Arrest,Property Crimes,1
3300 MENTONE AV,34.0286,-118.4118,3/9/2020 0:00,3/9/2020 0:00,1950,14,Pacific,1406,2,41,X,X,GARAGE/CARPORT,400,IC,Invest Cont,Violent Crimes,1
8900 COLUMBUS AV,34.2319,-118.4654,3/10/2020 0:00,3/10/2020 0:00,2315,19,Mission,1972,1,54,M,O,"MULTI-UNIT DWELLING (APARTMENT, DUPLEX, ETC)",204,AO,Adult Other,Violent Crimes,1
1000 S KINGSLEY DR,34.0526,-118.3031,3/11/2020 0:00,1/29/2020 0:00,1400,20,Olympic,2054,2,83,F,A,"MULTI-UNIT DWELLING (APARTMENT, DUPLEX, ETC)",512,IC,Invest Cont,Violent Crimes,1
5TH,34.0442,-118.2439,3/11/2020 0:00,3/11/2020 0:00,255,1,Central,156,2,0,X,X,SIDEWALK,102,IC,Invest Cont,Crimes against Public Order,1
800 W CESAR E CHAVEZ AV,34.0613,-118.2446,3/11/2020 0:00,3/11/2020 0:00,2353,1,Central,111,2,0,X,X,SIDEWALK,102,IC,Invest Cont,Crimes against Public Order,1
104TH ST,33.9415,-118.2436,3/11/2020 0:00,3/11/2020 0:00,258,18,Southeast,1837,1,0,X,X,RESTAURANT/FAST FOOD,311,AA,Adult Arrest,Property Crimes,1
11100 AVALON BL,33.9348,-118.2652,3/12/2020 0:00,3/11/2020 0:00,2150,18,Southeast,1844,1,0,X,X,OTHER BUSINESS,500,IC,Invest Cont,Property Crimes,1
12TH,34.0408,-118.2644,3/12/2020 0:00,3/12/2020 0:00,10,1,Central,182,1,19,M,A,SIDEWALK,400,IC,Invest Cont,Property Crimes,1
WILTON,34.0545,-118.3145,3/14/2020 0:00,3/14/2020 0:00,10,20,Olympic,2062,1,24,M,A,SIDEWALK,102,IC,Invest Cont,Property Crimes,1
1100 GLENDON AV,34.0608,-118.4444,3/14/2020 0:00,3/14/2020 0:00,315,8,West LA,817,2,0,X,X,RESTAURANT/FAST FOOD,310,IC,Invest Cont,Property Crimes,1
800 E 25TH ST,34.0216,-118.2588,3/15/2020 0:00,3/15/2020 0:00,2130,13,Newton,1323,2,0,M,O,STREET,102,IC,Invest Cont,Crimes against Public Order,1
4700 CLINTON ST,34.0817,-118.3046,3/15/2020 0:00,3/15/2020 0:00,1920,20,Olympic,2004,1,0,X,X,STREET,102,AA,Adult Arrest,Property Crimes,1
14600 CHASE ST,34.2248,-118.4512,3/16/2020 0:00,2/24/2020 0:00,1600,19,Mission,1985,1,0,X,X,"MULTI-UNIT DWELLING (APARTMENT, DUPLEX, ETC)",400,IC,Invest Cont,Property Crimes,1
6900 W MANCHESTER AV,33.9598,-118.4117,3/18/2020 0:00,3/18/2020 0:00,108,14,Pacific,1486,1,0,X,X,GOLF COURSE*,500,IC,Invest Cont,Property Crimes,1
2700 W OLYMPIC BL,34.0526,-118.2916,3/18/2020 0:00,3/18/2020 0:00,1413,20,Olympic,2056,1,0,X,X,"COFFEE SHOP (STARBUCKS, COFFEE BEAN, PEET'S, ETC.)",400,AA,Adult Arrest,Property Crimes,1
14600 FRIAR ST,34.1857,-118.4509,3/19/2020 0:00,3/19/2020 0:00,10,9,Van Nuys,933,1,29,M,O,SINGLE FAMILY DWELLING,104,IC,Invest Cont,Property Crimes,1
2700 POMEROY AV,34.0533,-118.1977,3/19/2020 0:00,3/19/2020 0:00,1415,4,Hollenbeck,449,1,0,X,X,MARKET,113,IC,Invest Cont,Property Crimes,1
3100 S GRAND AV,34.0225,-118.2748,3/22/2020 0:00,3/22/2020 0:00,110,13,Newton,1331,1,0,M,O,STREET,109,IC,Invest Cont,Violent Crimes,1
1300 W 7TH ST,34.0523,-118.2676,3/22/2020 0:00,3/22/2020 0:00,440,2,Rampart,269,1,39,M,O,PARKING UNDERGROUND/BUILDING,500,IC,Invest Cont,Property Crimes,1
OSO,34.2096,-118.5754,3/24/2020 0:00,3/24/2020 0:00,1540,21,Topanga,2128,1,50,F,W,PARKING LOT,109,AA,Adult Arrest,Violent Crimes,1
5500 HOLLYWOOD BL,34.1017,-118.3093,3/25/2020 0:00,3/25/2020 0:00,10,6,Hollywood,648,1,0,X,X,OTHER STORE,400,IC,Invest Cont,Property Crimes,1
600 W 7TH ST,34.0473,-118.2566,3/28/2020 0:00,3/28/2020 0:00,2130,1,Central,162,1,0,X,X,DRUG STORE,113,IC,Invest Cont,Property Crimes,1
SARAH ST,34.154,-118.3801,3/29/2020 0:00,3/29/2020 0:00,30,15,N Hollywood,1563,2,0,F,O,STREET,106,IC,Invest Cont,Crimes against Public Order,1
100 S CENTRAL AV,34.0492,-118.2391,3/30/2020 0:00,3/30/2020 0:00,2256,1,Central,128,1,0,X,X,OTHER BUSINESS,306,AA,Adult Arrest,Property Crimes,1
12600 SHERMAN WY,34.2012,-118.4073,4/1/2020 0:00,3/31/2020 0:00,310,15,N Hollywood,1513,1,0,M,O,RESTAURANT/FAST FOOD,500,IC,Invest Cont,Property Crimes,1
10800 VENICE BL,34.0199,-118.4125,4/3/2020 0:00,4/3/2020 0:00,405,14,Pacific,1438,1,0,X,X,LIQUOR STORE,219,AA,Adult Arrest,Property Crimes,1
4100 S WESTERN AV,34.0091,-118.3089,4/5/2020 0:00,4/5/2020 0:00,515,3,Southwest,395,2,0,X,X,HOTEL,400,AO,Adult Other,Violent Crimes,1
1600 E 108TH ST,33.9378,-118.2462,4/8/2020 0:00,4/8/2020 0:00,1320,18,Southeast,1837,2,0,X,X,ABANDONED BUILDING ABANDONED HOUSE,506,IC,Invest Cont,Property Crimes,1
PARTHENIA ST,34.2282,-118.5976,4/9/2020 0:00,4/8/2020 0:00,1900,21,Topanga,2105,1,46,M,O,SIDEWALK,207,IC,Invest Cont,Property Crimes,1
14500 NORDHOFF ST,34.2354,-118.4481,4/9/2020 0:00,4/9/2020 0:00,1230,19,Mission,1974,1,0,X,X,OTHER STORE,109,IC,Invest Cont,Property Crimes,1
1200 S OLIVE ST,34.0395,-118.2622,4/9/2020 0:00,4/9/2020 0:00,1445,1,Central,182,2,0,X,X,"MULTI-UNIT DWELLING (APARTMENT, DUPLEX, ETC)",500,AA,Adult Arrest,Property Crimes,1
LONG BEACH,33.9994,-118.2431,4/11/2020 0:00,4/11/2020 0:00,1750,13,Newton,1367,2,0,X,X,STREET,109,IC,Invest Cont,Crimes against Public Order,1
10800 S VERMONT AV,33.9382,-118.2916,4/12/2020 0:00,4/12/2020 0:00,1425,18,Southeast,1841,2,50,X,X,LAUNDROMAT,308,IC,Invest Cont,Property Crimes,1
15700 VOSE ST,34.1985,-118.4749,4/12/2020 0:00,4/12/2020 0:00,2040,10,West Valley,1029,2,0,M,O,STREET,102,IC,Invest Cont,Crimes against Public Order,1
700 S ORANGE DR,34.0622,-118.3418,4/13/2020 0:00,4/12/2020 0:00,2326,7,Wilshire,737,1,65,M,O,SINGLE FAMILY DWELLING,101,IC,Invest Cont,Property Crimes,1
1200 S FLOWER ST,34.0415,-118.2654,4/14/2020 0:00,4/14/2020 0:00,2130,1,Central,182,1,66,M,O,MTA - BLUE LINE - PICO,200,IC,Invest Cont,Crimes against Public Order,1
10300 ZELZAH AV,34.2576,-118.5233,4/14/2020 0:00,4/14/2020 0:00,40,17,Devonshire,1745,2,23,M,O,SINGLE FAMILY DWELLING,400,JO,Juv Other,Violent Crimes,1
900 S NORMANDIE AV,34.0533,-118.3003,4/16/2022 0:00,1/1/2020 0:00,1,20,Olympic,2054,1,45,F,O,PARKING LOT,201,AO,Adult Other,Violent Crimes,1
2100 E 115TH ST,33.9305,-118.2349,4/17/2020 0:00,4/17/2020 0:00,2030,18,Southeast,1849,1,0,X,X,SIDEWALK,500,IC,Invest Cont,Violent Crimes,1
18400 ROSCOE BL,34.2251,-118.5372,4/17/2020 0:00,4/17/2020 0:00,1925,17,Devonshire,1794,1,0,X,X,OTHER BUSINESS,400,IC,Invest Cont,Property Crimes,1
SEPULVEDA,34.1939,-118.4662,4/19/2020 0:00,4/18/2020 0:00,2240,9,Van Nuys,911,1,0,M,O,MINI-MART,308,AA,Adult Arrest,Violent Crimes,1
800 S HARVARD BL,34.0581,-118.3066,4/22/2020 0:00,4/22/2020 0:00,2015,20,Olympic,2033,1,32,F,A,"MULTI-UNIT DWELLING (APARTMENT, DUPLEX, ETC)",109,AA,Adult Arrest,Violent Crimes,1
3400 W 6TH ST,34.0636,-118.2954,4/22/2020 0:00,4/22/2020 0:00,1420,20,Olympic,2027,1,0,X,X,OTHER BUSINESS,400,AA,Adult Arrest,Property Crimes,1
7500 WINNETKA AV,34.2059,-118.571,4/23/2020 0:00,4/23/2020 0:00,24,21,Topanga,2139,1,26,F,O,"MULTI-UNIT DWELLING (APARTMENT, DUPLEX, ETC)",200,AA,Adult Arrest,Violent Crimes,1
500 N KINGSLEY DR,34.0799,-118.3034,4/25/2020 0:00,4/25/2020 0:00,320,20,Olympic,2005,1,0,X,X,"MULTI-UNIT DWELLING (APARTMENT, DUPLEX, ETC)",400,IC,Invest Cont,Property Crimes,1
4000 NICOLET AV,34.0171,-118.3531,4/28/2020 0:00,4/28/2020 0:00,2145,3,Southwest,361,1,64,F,B,"MULTI-UNIT DWELLING (APARTMENT, DUPLEX, ETC)",109,IC,Invest Cont,Crimes against Public Order,1
VENTURA BL,34.1639,-118.5228,4/29/2020 0:00,4/28/2020 0:00,2340,10,West Valley,1065,1,35,M,O,PARKING LOT,102,IC,Invest Cont,Crimes against Public Order,1
300 E 2ND ST,34.0498,-118.24,4/29/2020 0:00,4/29/2020 0:00,810,1,Central,128,2,0,X,X,OTHER/OUTSIDE,500,IC,Invest Cont,Property Crimes,1
9300 RESEDA BL,34.2391,-118.5361,5/2/2020 0:00,5/2/2020 0:00,240,17,Devonshire,1767,1,0,X,X,OTHER BUSINESS,500,IC,Invest Cont,Property Crimes,1
700 LINCOLN BL,33.9997,-118.4645,5/5/2020 0:00,5/5/2020 0:00,410,14,Pacific,1415,1,0,X,X,MEDICAL MARIJUANA FACILITIES/BUSINESSES,311,IC,Invest Cont,Property Crimes,1
BEACON,33.7342,-118.2805,5/8/2020 0:00,5/8/2020 0:00,830,5,Harbor,566,2,0,X,X,SIDEWALK,500,IC,Invest Cont,Violent Crimes,1
7200 CRENSHAW BL,33.9745,-118.3309,5/10/2020 0:00,5/10/2020 0:00,5,12,77th Street,1251,2,0,X,X,STREET,106,IC,Invest Cont,Crimes against Public Order,1
800 N ALAMEDA ST,34.0561,-118.2375,5/13/2020 0:00,5/13/2020 0:00,720,1,Central,119,2,0,X,X,MTA - RED LINE - UNION STATION,400,AA,Adult Arrest,Violent Crimes,1
7000 W SUNSET BL,34.098,-118.3416,5/14/2020 0:00,5/14/2020 0:00,930,6,Hollywood,645,2,0,X,X,RESTAURANT/FAST FOOD,500,IC,Invest Cont,Property Crimes,1
3700 WILSHIRE BL,34.0617,-118.3075,5/18/2020 0:00,5/16/2020 0:00,2000,20,Olympic,2033,1,0,X,X,HIGH SCHOOL,500,AA,Adult Arrest,Property Crimes,1
4700 MELROSE AV,34.0836,-118.3026,5/18/2020 0:00,5/18/2020 0:00,1630,20,Olympic,2005,2,0,X,X,STREET,400,IC,Invest Cont,Violent Crimes,1
13500 COLLINS ST,34.1739,-118.4269,5/20/2020 0:00,5/20/2020 0:00,400,9,Van Nuys,948,2,57,M,O,SINGLE FAMILY DWELLING,107,AA,Adult Arrest,Crimes against Public Order,1
7200 S BROADWAY,33.9727,-118.285,5/20/2020 0:00,5/20/2020 0:00,2130,12,77th Street,1256,2,0,X,X,OTHER BUSINESS,500,IC,Invest Cont,Property Crimes,1
6TH ST,34.0429,-118.2462,5/20/2020 0:00,5/20/2020 0:00,2350,1,Central,156,1,55,F,B,STREET,106,AA,Adult Arrest,Violent Crimes,1
800 S NORMANDIE AV,34.0561,-118.302,5/20/2020 0:00,5/20/2020 0:00,1400,20,Olympic,2044,2,0,X,X,STREET,400,AA,Adult Arrest,Violent Crimes,1
MEMORY PARK AV,34.2337,-118.463,5/22/2020 0:00,5/22/2020 0:00,1630,19,Mission,1972,2,44,M,X,ALLEY,102,IC,Invest Cont,Crimes against Public Order,1
12000 SATICOY ST,34.2085,-118.3943,5/24/2020 0:00,5/24/2020 0:00,2200,15,N Hollywood,1504,2,0,M,O,PARKING LOT,102,IC,Invest Cont,Crimes against Public Order,1
200 N LOS ANGELES ST,34.0525,-118.2432,5/24/2020 0:00,5/24/2020 0:00,545,1,Central,124,1,0,X,X,SHOPPING MALL (COMMON AREA),500,AA,Adult Arrest,Property Crimes,1
1300 E WASHINGTON BL,34.0241,-118.25,5/25/2020 0:00,5/25/2020 0:00,100,13,Newton,1317,1,0,X,X,MINI-MART,500,AA,Adult Arrest,Property Crimes,1
700 S SERRANO AV,34.0577,-118.3066,5/25/2020 0:00,5/25/2020 0:00,945,20,Olympic,2033,1,0,X,X,STREET,400,AA,Adult Arrest,Property Crimes,1
OXFORD,34.0472,-118.3069,5/25/2020 0:00,5/25/2020 0:00,2355,20,Olympic,2073,2,0,X,X,STREET,102,IC,Invest Cont,Crimes against Public Order,1
1700 SANTEE ST,34.0312,-118.2615,5/26/2020 0:00,5/24/2020 0:00,1900,1,Central,195,1,0,X,X,ALLEY,500,IC,Invest Cont,Property Crimes,1
12900 DRONFIELD AV,34.3048,-118.4333,5/28/2020 0:00,5/27/2020 0:00,1030,19,Mission,1918,1,0,X,X,STREET,109,AA,Adult Arrest,Property Crimes,1
5600 W SUNSET BL,34.0981,-118.3111,5/29/2020 0:00,5/29/2020 0:00,735,6,Hollywood,668,1,0,X,X,"DIY CENTER (LOWE'S,HOME DEPOT,OSH,CONTRACTORS WAREHOUSE)",207,IC,Invest Cont,Property Crimes,1
500 S SPRING ST,34.0467,-118.252,5/30/2020 0:00,5/29/2020 0:00,2115,1,Central,153,1,0,X,X,RESTAURANT/FAST FOOD,500,IC,Invest Cont,Property Crimes,1
600 S HILL ST,34.0474,-118.2531,5/30/2020 0:00,5/30/2020 0:00,400,1,Central,153,1,0,X,X,JEWELRY STORE,500,IC,Invest Cont,Property Crimes,1
BEACHY,34.2379,-118.4274,5/31/2020 0:00,5/31/2020 0:00,1200,19,Mission,1977,1,75,M,O,SIDEWALK,102,IC,Invest Cont,Property Crimes,1
KOHLER ST,34.0375,-118.2423,5/31/2020 0:00,5/31/2020 0:00,110,1,Central,158,2,0,M,W,STREET,102,IC,Invest Cont,Crimes against Public Order,1
1200 S UNION AV,34.0472,-118.2782,5/31/2020 0:00,5/31/2020 0:00,35,2,Rampart,285,1,0,X,X,DRUG STORE,500,AA,Adult Arrest,Property Crimes,1
SPRING,34.0474,-118.2496,6/5/2020 0:00,5/29/2020 0:00,2200,1,Central,154,1,0,M,X,STREET,500,IC,Invest Cont,Violent Crimes,1
9400 N SEPULVEDA BL,34.2427,-118.4702,6/5/2020 0:00,6/4/2020 0:00,2320,19,Mission,1961,1,48,M,A,PARKING LOT,204,IC,Invest Cont,Property Crimes,1
300 S VIRGIL AV,34.069,-118.2868,6/5/2020 0:00,6/5/2020 0:00,1530,20,Olympic,2029,2,0,X,X,"MULTI-UNIT DWELLING (APARTMENT, DUPLEX, ETC)",306,IC,Invest Cont,Property Crimes,1
7TH ST,34.0565,-118.2768,6/5/2020 0:00,6/5/2020 0:00,200,2,Rampart,246,1,65,F,O,SIDEWALK,304,IC,Invest Cont,Violent Crimes,1
CENTRAL AV,33.947,-118.2594,6/5/2020 0:00,6/5/2020 0:00,247,18,Southeast,1824,1,0,X,X,VACANT LOT,506,IC,Invest Cont,Property Crimes,1
SPRING ST,34.0517,-118.2456,6/6/2020 0:00,5/29/2020 0:00,2215,1,Central,135,1,54,F,O,STREET,306,IC,Invest Cont,Violent Crimes,1
10300 N SEPULVEDA BL,34.261,-118.4698,6/7/2020 0:00,6/7/2020 0:00,1935,19,Mission,1951,1,0,M,O,DRUG STORE,221,IC,Invest Cont,Property Crimes,1
SPRING ST,34.0517,-118.2456,6/8/2020 0:00,5/29/2020 0:00,2230,1,Central,133,1,0,F,O,STREET,500,IC,Invest Cont,Violent Crimes,1
NORTON,34.0817,-118.317,6/8/2020 0:00,6/2/2020 0:00,1730,20,Olympic,2001,2,0,X,X,STREET,500,IC,Invest Cont,Violent Crimes,1
3500 EAGLE ROCK BL,34.1155,-118.2358,6/9/2020 0:00,6/9/2020 0:00,30,11,Northeast,1135,2,0,M,O,OTHER BUSINESS,310,IC,Invest Cont,Property Crimes,1
BEVERLY BL,34.0761,-118.3637,6/11/2020 0:00,5/30/2020 0:00,1400,7,Wilshire,723,1,0,F,O,STREET,500,IC,Invest Cont,Violent Crimes,1
PICO BL,34.0461,-118.2801,6/11/2020 0:00,6/11/2020 0:00,635,2,Rampart,291,2,0,X,X,STREET,102,AA,Adult Arrest,Crimes against Public Order,1
400 S ARDMORE AV,34.0672,-118.3016,6/11/2020 0:00,6/11/2020 0:00,100,20,Olympic,2023,2,0,X,X,"MULTI-UNIT DWELLING (APARTMENT, DUPLEX, ETC)",219,IC,Invest Cont,Property Crimes,1
600 S SPRING ST,34.046,-118.2509,6/13/2020 0:00,6/12/2020 0:00,2330,1,Central,164,1,0,M,W,MARKET,113,AA,Adult Arrest,Property Crimes,1
22300 LEADWELL ST,34.2037,-118.6119,6/13/2020 0:00,6/13/2020 0:00,15,21,Topanga,2134,2,57,M,O,CONDOMINIUM/TOWNHOUSE,500,AO,Adult Other,Violent Crimes,1
3800 W 7TH ST,34.0597,-118.3091,6/14/2020 0:00,6/13/2020 0:00,1740,20,Olympic,2031,2,0,X,X,"MULTI-UNIT DWELLING (APARTMENT, DUPLEX, ETC)",500,IC,Invest Cont,Property Crimes,1
800 N ALAMEDA ST,34.0561,-118.2375,6/14/2020 0:00,6/14/2020 0:00,1850,1,Central,119,2,0,X,X,LA UNION STATION (NOT LINE SPECIFIC),400,AA,Adult Arrest,Property Crimes,1
400 WORLD WAY,33.9431,-118.4081,6/16/2020 0:00,5/30/2020 0:00,2340,14,Pacific,1494,1,0,X,X,TRANSPORTATION FACILITY (AIRPORT),302,AA,Adult Arrest,Property Crimes,1
23200 VANOWEN ST,34.1937,-118.6327,6/17/2020 0:00,6/17/2020 0:00,54,21,Topanga,2142,2,44,F,O,SINGLE FAMILY DWELLING,400,AA,Adult Arrest,Violent Crimes,1
1400 W 55TH ST,33.9923,-118.3002,6/18/2020 0:00,6/18/2020 0:00,2300,12,77th Street,1215,2,0,X,X,STREET,102,IC,Invest Cont,Crimes against Public Order,1
1100 ABBOT KINNEY BL,33.9918,-118.4703,6/19/2020 0:00,6/19/2020 0:00,605,14,Pacific,1431,1,0,X,X,CLOTHING STORE,306,AA,Adult Arrest,Property Crimes,1
500 N FIGUEROA ST,34.0615,-118.247,6/20/2020 0:00,6/20/2020 0:00,310,1,Central,111,1,0,X,X,OTHER BUSINESS,221,IC,Invest Cont,Property Crimes,1
800 N VAN NESS AV,34.085,-118.3157,6/21/2020 0:00,6/21/2020 0:00,130,6,Hollywood,677,2,0,X,X,STREET,109,AA,Adult Arrest,Crimes against Public Order,1
3900 S FIGUEROA ST,34.014,-118.2827,6/21/2020 0:00,6/21/2020 0:00,430,3,Southwest,359,1,19,X,X,MINI-MART,400,IC,Invest Cont,Property Crimes,1
200 E 88TH ST,33.9572,-118.2717,6/21/2020 0:00,6/21/2020 0:00,2230,18,Southeast,1803,2,0,X,X,STREET,500,IC,Invest Cont,Other Crimes,1
300 E 2ND ST,34.0498,-118.24,6/22/2020 0:00,6/22/2020 0:00,532,1,Central,128,1,0,X,X,RESTAURANT/FAST FOOD,500,IC,Invest Cont,Property Crimes,1
200 E MARTIN LUTHER KING JR BL,34.0112,-118.2716,6/23/2020 0:00,6/23/2020 0:00,2115,13,Newton,1354,1,0,X,X,PARKING LOT,109,IC,Invest Cont,Property Crimes,1
1500 S BEVERLY DR,34.0495,-118.3953,6/25/2020 0:00,4/28/2020 0:00,200,8,West LA,857,1,38,F,O,GARAGE/CARPORT,500,IC,Invest Cont,Property Crimes,1
500 S HOBART BL,34.0636,-118.3053,6/26/2020 0:00,6/26/2020 0:00,520,20,Olympic,2024,1,0,X,X,"MULTI-UNIT DWELLING (APARTMENT, DUPLEX, ETC)",400,IC,Invest Cont,Property Crimes,1
01500 E 92ND ST,33.9533,-118.2475,6/27/2020 0:00,6/23/2020 0:00,802,18,Southeast,1826,1,0,X,X,"MULTI-UNIT DWELLING (APARTMENT, DUPLEX, ETC)",506,IC,Invest Cont,Property Crimes,1
7600 S BROADWAY,33.9703,-118.2783,6/29/2020 0:00,6/29/2020 0:00,15,12,77th Street,1258,2,0,X,X,POLICE FACILITY,306,AA,Adult Arrest,Property Crimes,1
1ST,34.055,-118.2477,6/30/2020 0:00,6/30/2020 0:00,1840,1,Central,122,2,0,X,X,STREET,400,IC,Invest Cont,Property Crimes,1
SUNSET BL,34.0898,-118.2769,6/30/2020 0:00,6/30/2020 0:00,505,11,Northeast,1171,2,0,X,X,STREET,500,AA,Adult Arrest,Property Crimes,1
6300 CRENSHAW BL,33.9825,-118.3309,6/30/2020 0:00,6/30/2020 0:00,1800,12,77th Street,1241,2,0,X,X,MOTEL,311,IC,Invest Cont,Property Crimes,1
700 S WESTERN AV,34.0599,-118.3139,7/2/2020 0:00,7/2/2020 0:00,2150,20,Olympic,2031,1,0,X,X,LIQUOR STORE,102,IC,Invest Cont,Property Crimes,1
SPRING,34.046,-118.251,7/5/2020 0:00,7/4/2020 0:00,1900,1,Central,153,2,32,F,O,SIDEWALK,500,AO,Adult Other,Violent Crimes,1
59TH ST,33.9872,-118.3352,7/5/2020 0:00,7/5/2020 0:00,152,12,77th Street,1232,2,0,X,X,STREET,102,IC,Invest Cont,Crimes against Public Order,1
6700 WHITSETT AV,34.1921,-118.4052,7/7/2020 0:00,7/2/2020 0:00,2110,15,N Hollywood,1513,2,0,F,O,"MULTI-UNIT DWELLING (APARTMENT, DUPLEX, ETC)",511,IC,Invest Cont,Crimes against Public Order,1
2400 SAN MARCO DR,34.1145,-118.3312,7/8/2020 0:00,7/8/2020 0:00,335,6,Hollywood,615,1,0,F,X,SINGLE FAMILY DWELLING,109,AA,Adult Arrest,Crimes against Public Order,1
2400 SAN MARCO DR,34.1145,-118.3312,7/8/2020 0:00,7/8/2020 0:00,335,6,Hollywood,615,1,0,M,X,SINGLE FAMILY DWELLING,109,AA,Adult Arrest,Crimes against Public Order,1
4800 2ND AV,33.995,-118.3193,7/9/2020 0:00,7/9/2020 0:00,1800,3,Southwest,392,1,62,F,B,SINGLE FAMILY DWELLING,102,IC,Invest Cont,Violent Crimes,1
9500 RESEDA BL,34.2427,-118.5361,7/10/2020 0:00,7/10/2020 0:00,2340,17,Devonshire,1767,2,0,X,X,DRIVEWAY,102,IC,Invest Cont,Crimes against Public Order,1
OLYMPIC,34.0175,-118.1975,7/13/2020 0:00,7/13/2020 0:00,1715,4,Hollenbeck,499,1,0,X,X,STREET,207,AA,Adult Arrest,Property Crimes,1
8TH ST,34.0581,-118.3091,7/13/2020 0:00,7/13/2020 0:00,1820,20,Olympic,2031,1,83,F,A,PARKING LOT,400,AO,Adult Other,Property Crimes,1
1000 N VERMONT AV,34.0898,-118.2917,7/13/2020 0:00,7/13/2020 0:00,2230,2,Rampart,202,1,0,X,X,OTHER BUSINESS,308,IC,Invest Cont,Property Crimes,1
3200 W PICO BL,34.0506,-118.3127,7/14/2020 0:00,7/13/2020 0:00,1913,20,Olympic,2062,1,0,X,X,LIQUOR STORE,102,IC,Invest Cont,Property Crimes,1
14TH,34.0417,-118.275,7/14/2020 0:00,7/14/2020 0:00,910,2,Rampart,299,2,26,X,X,"VEHICLE, PASSENGER/TRUCK",500,AO,Adult Other,Violent Crimes,1
7600 S BROADWAY,33.9703,-118.2783,7/16/2020 0:00,7/16/2020 0:00,2225,12,77th Street,1258,2,0,X,X,LIQUOR STORE,400,AO,Adult Other,Violent Crimes,1
1600 S HOOVER ST,34.0421,-118.2879,7/16/2020 0:00,7/16/2020 0:00,1645,20,Olympic,2088,1,0,X,X,CELL PHONE STORE,101,AA,Adult Arrest,Property Crimes,1
118TH ST,33.9267,-118.2622,7/17/2020 0:00,7/17/2020 0:00,1330,18,Southeast,1864,2,0,X,X,STREET,109,IC,Invest Cont,Crimes against Public Order,1
DE SOTO,34.2246,-118.5885,7/18/2020 0:00,7/18/2020 0:00,1800,17,Devonshire,1791,2,0,X,X,"MULTI-UNIT DWELLING (APARTMENT, DUPLEX, ETC)",308,AA,Adult Arrest,Crimes against Persons,1
300 W 8TH ST,34.0437,-118.2547,7/23/2020 0:00,7/23/2020 0:00,130,1,Central,163,2,0,X,X,"MULTI-UNIT DWELLING (APARTMENT, DUPLEX, ETC)",306,IC,Invest Cont,Property Crimes,1
22100 BURBANK BL,34.172,-118.6076,7/24/2020 0:00,7/24/2020 0:00,2145,21,Topanga,2175,1,39,F,O,DRIVEWAY,500,IC,Invest Cont,Property Crimes,1
7100 N SEPULVEDA BL,34.1938,-118.4702,7/26/2020 0:00,7/26/2020 0:00,815,9,Van Nuys,911,2,0,X,X,OTHER PREMISE,500,IC,Invest Cont,Crimes against Public Order,1
18100 GREEN MEADOW DR,34.1447,-118.5284,7/27/2020 0:00,7/27/2020 0:00,115,10,West Valley,1094,1,42,M,O,SINGLE FAMILY DWELLING,102,AA,Adult Arrest,Crimes against Persons,1
1100 GLENDALE BL,34.0763,-118.2613,7/27/2020 0:00,7/27/2020 0:00,1500,2,Rampart,218,2,0,X,X,CHURCH/CHAPEL (CHANGED 03-03 FROM CHURCH/TEMPLE),501,IC,Invest Cont,Fraud and White-Collar Crimes,1
3900 S FIGUEROA ST,34.0137,-118.2828,7/27/2020 0:00,7/27/2020 0:00,200,3,Southwest,359,2,19,X,X,LIQUOR STORE,500,IC,Invest Cont,Property Crimes,1
600 WORLD WY,33.9429,-118.4032,7/29/2020 0:00,7/29/2020 0:00,1150,14,Pacific,1494,1,56,F,O,SIDEWALK,500,IC,Invest Cont,Property Crimes,1
15800 VANOWEN ST,34.1939,-118.4789,7/29/2020 0:00,7/29/2020 0:00,830,10,West Valley,1039,1,0,M,O,SIDEWALK,102,IC,Invest Cont,Violent Crimes,1
9800 MASON AV,34.2484,-118.5798,7/30/2020 0:00,7/30/2020 0:00,1335,17,Devonshire,1762,1,80,F,O,MINI-MART,400,AA,Adult Arrest,Property Crimes,1
8600 RESEDA BL,34.2264,-118.5361,7/31/2020 0:00,7/31/2020 0:00,230,17,Devonshire,1794,1,0,X,X,OTHER BUSINESS,500,IC,Invest Cont,Property Crimes,1
600 W 7TH ST,34.0491,-118.2558,8/4/2020 0:00,5/30/2020 0:00,400,1,Central,152,1,0,X,X,MINI-MART,500,IC,Invest Cont,Property Crimes,1
1700 SANTEE ST,34.0305,-118.262,8/5/2020 0:00,8/5/2020 0:00,115,1,Central,195,1,0,X,X,CHURCH/CHAPEL (CHANGED 03-03 FROM CHURCH/TEMPLE),201,AA,Adult Arrest,Property Crimes,1
1900 HILLHURST AV,34.1054,-118.2874,8/5/2020 0:00,8/5/2020 0:00,1115,11,Northeast,1142,2,0,X,X,RESTAURANT/FAST FOOD,309,IC,Invest Cont,Property Crimes,1
4100 W 3RD ST,34.0726,-118.3029,8/6/2020 0:00,8/6/2020 0:00,25,20,Olympic,2014,2,50,M,O,PARKING LOT,400,IC,Invest Cont,Violent Crimes,1
200 N SPRING ST,34.0539,-118.2436,8/8/2020 0:00,8/8/2020 0:00,2250,1,Central,124,2,0,X,X,SIDEWALK,500,IC,Invest Cont,Property Crimes,1
700 S SPRING ST,34.0438,-118.2547,8/9/2020 0:00,8/9/2020 0:00,2252,1,Central,163,2,0,X,X,ALLEY,500,AA,Adult Arrest,Property Crimes,1
6300 S FIGUEROA ST,33.9819,-118.2827,8/10/2020 0:00,8/6/2020 0:00,2130,12,77th Street,1249,2,0,X,X,PARKING LOT,106,IC,Invest Cont,Crimes against Public Order,1
1600 W 209TH ST,33.8409,-118.3092,8/12/2020 0:00,8/11/2020 0:00,2340,5,Harbor,504,1,18,X,X,STREET,102,IC,Invest Cont,Violent Crimes,1
5500 W MANCHESTER AV,33.9599,-118.3782,8/12/2020 0:00,8/12/2020 0:00,1438,14,Pacific,1488,2,0,X,X,OTHER BUSINESS,212,AA,Adult Arrest,Property Crimes,1
5600 HOLLYWOOD BL,34.1038,-118.3151,8/12/2020 0:00,8/12/2020 0:00,55,6,Hollywood,638,2,0,X,X,OTHER BUSINESS,500,AA,Adult Arrest,Property Crimes,1
17400 COLLINS ST,34.1738,-118.5123,8/13/2020 0:00,8/11/2020 0:00,2300,10,West Valley,1047,2,63,F,O,SINGLE FAMILY DWELLING,511,IC,Invest Cont,Crimes against Public Order,1
16100 S AINSWORTH ST,33.8848,-118.2904,8/14/2020 0:00,8/13/2020 0:00,1200,18,Southeast,1881,2,26,X,X,"MULTI-UNIT DWELLING (APARTMENT, DUPLEX, ETC)",511,IC,Invest Cont,Crimes against Public Order,1
7200 AMIGO AV,34.2012,-118.5386,8/14/2020 0:00,8/14/2020 0:00,1115,10,West Valley,1012,2,0,M,O,SINGLE FAMILY DWELLING,215,AA,Adult Arrest,Property Crimes,1
2ND,34.0569,-118.2536,8/16/2020 0:00,8/15/2020 0:00,2230,1,Central,131,1,26,F,A,STREET,500,IC,Invest Cont,Property Crimes,1
800 SANTEE ST,34.0401,-118.2533,8/17/2020 0:00,8/17/2020 0:00,545,1,Central,176,2,0,X,X,OTHER BUSINESS,400,IC,Invest Cont,Property Crimes,1
1000 S BROADWAY,34.0406,-118.2578,8/17/2020 0:00,8/17/2020 0:00,228,1,Central,185,1,0,X,X,MINI-MART,500,AA,Adult Arrest,Property Crimes,1
4600 S RAYMOND AV,34.0012,-118.298,8/19/2020 0:00,8/19/2020 0:00,2020,12,77th Street,1204,2,0,X,X,STREET,102,IC,Invest Cont,Other Crimes,1
84TH PL,33.9619,-118.2717,8/19/2020 0:00,8/19/2020 0:00,926,12,77th Street,1268,1,21,X,X,ALLEY,106,IC,Invest Cont,Violent Crimes,1
400 W 106TH ST,33.9401,-118.2819,8/20/2020 0:00,8/20/2020 0:00,1750,18,Southeast,1832,2,0,X,X,STREET,106,IC,Invest Cont,Crimes against Public Order,1
2500 ELSINORE ST,34.0805,-118.2685,8/20/2020 0:00,8/20/2020 0:00,2230,11,Northeast,1181,1,30,F,O,SINGLE FAMILY DWELLING,513,AA,Adult Arrest,Violent Crimes,1
15TH ST,34.0349,-118.263,8/20/2020 0:00,8/20/2020 0:00,350,1,Central,195,2,0,X,X,STREET,500,IC,Invest Cont,Property Crimes,1
14600 KITTRIDGE ST,34.1907,-118.4509,8/21/2020 0:00,8/20/2020 0:00,503,9,Van Nuys,923,2,0,X,X,STREET,107,AO,Adult Other,Crimes against Public Order,1
3000 BUCKINGHAM RD,34.0279,-118.343,8/22/2020 0:00,8/21/2020 0:00,2300,3,Southwest,332,1,42,M,A,STREET,102,IC,Invest Cont,Violent Crimes,1
500 W PACIFIC COAST HY,33.7948,-118.2694,8/22/2020 0:00,8/22/2020 0:00,1030,5,Harbor,515,2,0,X,X,GAS STATION,500,AO,Adult Other,Violent Crimes,1
ST ANDREWS,34.0655,-118.3114,8/22/2020 0:00,8/22/2020 0:00,430,20,Olympic,2022,1,43,M,O,STREET,200,IC,Invest Cont,Violent Crimes,1
3500 S LA CIENEGA BL,34.0237,-118.3722,8/23/2020 0:00,8/23/2020 0:00,1100,3,Southwest,321,1,19,X,X,DEPARTMENT STORE,204,IC,Invest Cont,Property Crimes,1
82ND ST,33.9643,-118.2827,8/24/2020 0:00,8/24/2020 0:00,2105,12,77th Street,1267,2,0,X,X,STREET,101,IC,Invest Cont,Crimes against Public Order,1
WEIGAND AV,33.9431,-118.2296,8/25/2020 0:00,8/25/2020 0:00,1810,18,Southeast,1839,1,0,X,X,STREET,106,IC,Invest Cont,Violent Crimes,1
800 W ROSECRANS AV,33.9019,-118.2898,8/25/2020 0:00,8/25/2020 0:00,1300,18,Southeast,1871,2,0,X,X,GAS STATION,400,IC,Invest Cont,Property Crimes,1
2200 VENICE BL,34.0454,-118.3072,8/27/2020 0:00,8/27/2020 0:00,700,20,Olympic,2073,2,63,M,A,APARTMENT/CONDO COMMON LAUNDRY ROOM,400,AO,Adult Other,Violent Crimes,1
WILSHIRE,34.0584,-118.2763,8/29/2020 0:00,8/29/2020 0:00,2105,2,Rampart,245,2,0,X,X,SIDEWALK,102,IC,Invest Cont,Crimes against Public Order,1
20500 W VENTURA BL,34.1685,-118.5777,8/30/2020 0:00,8/30/2020 0:00,1120,21,Topanga,2189,1,73,F,W,STREET,103,AO,Adult Other,Violent Crimes,1
22100 VICTORY BL,34.1865,-118.608,9/2/2020 0:00,9/2/2020 0:00,430,21,Topanga,2155,1,29,F,W,STREET,113,AA,Adult Arrest,Crimes against Public Order,1
7100 LINDLEY AV,34.1993,-118.5273,9/3/2020 0:00,9/3/2020 0:00,1330,10,West Valley,1025,1,68,F,O,RESTAURANT/FAST FOOD,500,AO,Adult Other,Violent Crimes,1
MAXELLA AV,33.986,-118.4428,9/5/2020 0:00,9/5/2020 0:00,2255,14,Pacific,1444,1,0,X,X,STREET,109,IC,Invest Cont,Violent Crimes,1
7TH,34.0496,-118.2603,9/6/2020 0:00,9/5/2020 0:00,2100,1,Central,161,1,20,F,W,PARKING UNDERGROUND/BUILDING,102,IC,Invest Cont,Property Crimes,1
4300 S FIGUEROA ST,34.0075,-118.2819,9/6/2020 0:00,9/6/2020 0:00,2242,3,Southwest,399,1,19,X,X,DRUG STORE,102,IC,Invest Cont,Property Crimes,1
100 N LOS ANGELES ST,34.0515,-118.2424,9/7/2020 0:00,9/6/2020 0:00,2130,1,Central,127,1,0,M,X,DETENTION/JAIL FACILITY,400,IC,Invest Cont,Violent Crimes,1
18400 ROSCOE BL,34.2251,-118.5372,9/7/2020 0:00,9/7/2020 0:00,750,17,Devonshire,1794,1,0,X,X,MINI-MART,113,AA,Adult Arrest,Property Crimes,1
15200 PLUMMER ST,34.2427,-118.4636,9/8/2020 0:00,9/8/2020 0:00,1300,19,Mission,1962,1,74,F,A,CHURCH/CHAPEL (CHANGED 03-03 FROM CHURCH/TEMPLE),400,IC,Invest Cont,Violent Crimes,1
200 VENICE BL,34.0347,-118.2646,9/9/2020 0:00,9/7/2020 0:00,2000,1,Central,192,1,0,X,X,GARAGE/CARPORT,400,IC,Invest Cont,Property Crimes,1
11700 COHASSET ST,34.2067,-118.3878,9/9/2020 0:00,9/9/2020 0:00,2000,15,N Hollywood,1504,2,0,M,O,STREET,102,IC,Invest Cont,Crimes against Public Order,1
700 W 133RD ST,33.9113,-118.2878,9/10/2020 0:00,9/10/2020 0:00,1,18,Southeast,1851,1,44,F,B,SINGLE FAMILY DWELLING,104,AA,Adult Arrest,Crimes against Public Order,1
4TH ST,34.0672,-118.2992,9/12/2020 0:00,9/12/2020 0:00,1550,20,Olympic,2025,2,26,X,X,STREET,511,IC,Invest Cont,Crimes against Public Order,1
14500 VALERIO ST,34.2048,-118.4495,9/14/2020 0:00,9/13/2020 0:00,2215,9,Van Nuys,905,1,56,M,O,"MULTI-UNIT DWELLING (APARTMENT, DUPLEX, ETC)",223,AA,Adult Arrest,Crimes against Persons,1
2900 E 4TH ST,34.0373,-118.2044,9/15/2020 0:00,9/15/2020 0:00,1630,4,Hollenbeck,467,1,0,X,X,OTHER STORE,218,IC,Invest Cont,Property Crimes,1
13400 BROMWICH PL,34.2382,-118.4256,9/16/2020 0:00,5/8/2020 0:00,42,19,Mission,1977,1,35,F,A,STREET,307,AA,Adult Arrest,Violent Crimes,1
6TH,34.0435,-118.2471,9/17/2020 0:00,9/16/2020 0:00,2049,1,Central,166,1,0,M,X,SIDEWALK,500,IC,Invest Cont,Violent Crimes,1
1500 COLORADO BL,34.1393,-118.1985,9/17/2020 0:00,9/17/2020 0:00,248,11,Northeast,1119,2,0,X,X,OTHER BUSINESS,500,IC,Invest Cont,Property Crimes,1
2000 W PICO BL,34.0491,-118.2823,9/17/2020 0:00,9/17/2020 0:00,1855,2,Rampart,281,1,0,X,X,CLOTHING STORE,216,AA,Adult Arrest,Property Crimes,1
7800 VAN NUYS BL,34.2117,-118.4488,9/18/2020 0:00,9/18/2020 0:00,1820,19,Mission,1995,1,22,X,X,"DIY CENTER (LOWE'S,HOME DEPOT,OSH,CONTRACTORS WAREHOUSE)",400,AO,Adult Other,Property Crimes,1
2100 E 112TH ST,33.9334,-118.235,9/18/2020 0:00,9/18/2020 0:00,2320,18,Southeast,1849,2,0,X,X,STREET,102,IC,Invest Cont,Crimes against Public Order,1
900 N WESTERN AV,33.7501,-118.3092,9/18/2020 0:00,9/18/2020 0:00,1810,5,Harbor,541,1,0,X,X,DRUG STORE,200,IC,Invest Cont,Property Crimes,1
1600 W 38TH ST,34.0174,-118.311,9/19/2020 0:00,9/19/2020 0:00,920,3,Southwest,375,2,19,X,X,STREET,102,IC,Invest Cont,Crimes against Public Order,1
6900 DAY ST,34.2539,-118.2814,9/20/2020 0:00,9/19/2020 0:00,1100,16,Foothill,1658,1,73,M,O,SINGLE FAMILY DWELLING,205,AA,Adult Arrest,Violent Crimes,1
COLDWATER CANYON,34.1721,-118.4142,9/22/2020 0:00,9/19/2020 0:00,1,9,Van Nuys,939,1,25,M,O,STREET,500,IC,Invest Cont,Property Crimes,1
300 S SANTA FE AV,34.042,-118.2326,9/22/2020 0:00,9/22/2020 0:00,800,1,Central,139,2,0,X,X,SIDEWALK,400,IC,Invest Cont,Property Crimes,1
CENTRAL,34.0286,-118.2545,9/25/2020 0:00,9/25/2020 0:00,2344,13,Newton,1313,2,0,X,X,OTHER/OUTSIDE,500,IC,Invest Cont,Property Crimes,1
LOS ANGELES,34.0511,-118.2336,9/25/2020 0:00,9/25/2020 0:00,2015,1,Central,129,2,0,X,X,STREET,400,IC,Invest Cont,Property Crimes,1
59TH ST,33.9923,-118.287,9/25/2020 0:00,9/25/2020 0:00,2030,12,77th Street,1218,2,0,X,X,STREET,106,IC,Invest Cont,Crimes against Public Order,1
4TH ST,34.0671,-118.3259,9/27/2020 0:00,9/27/2020 0:00,40,7,Wilshire,739,1,52,M,A,SIDEWALK,101,IC,Invest Cont,Property Crimes,1
4100 VENICE BL,34.044,-118.3264,9/27/2020 0:00,9/27/2020 0:00,1945,7,Wilshire,778,2,0,M,O,STREET,102,IC,Invest Cont,Crimes against Public Order,1
3200 CAHUENGA BL,34.1283,-118.346,9/28/2020 0:00,9/28/2020 0:00,514,6,Hollywood,615,2,0,X,X,OTHER BUSINESS,500,IC,Invest Cont,Property Crimes,1
14TH ST,34.0355,-118.2625,9/28/2020 0:00,9/28/2020 0:00,120,1,Central,195,2,0,X,X,"VEHICLE, PASSENGER/TRUCK",500,AA,Adult Arrest,Property Crimes,1
500 CHAUTAUQUA BL,34.0361,-118.5192,9/29/2020 0:00,9/28/2020 0:00,2200,8,West LA,824,1,83,F,A,GARAGE/CARPORT,500,IC,Invest Cont,Property Crimes,1
10600 S ST ANDREWS PL,33.9417,-118.3113,9/30/2020 0:00,9/30/2020 0:00,2320,12,77th Street,1293,1,79,F,B,SINGLE FAMILY DWELLING,102,IC,Invest Cont,Crimes against Public Order,1
FLOWER ST,33.979,-118.2839,10/2/2020 0:00,10/2/2020 0:00,1356,12,77th Street,1249,1,0,X,X,STREET,102,IC,Invest Cont,Violent Crimes,1
WINSTON ST,34.0457,-118.2457,10/6/2020 0:00,10/6/2020 0:00,30,1,Central,146,1,0,M,W,MINI-MART,312,AA,Adult Arrest,Property Crimes,1
FLIGHT DECK,34.0577,-118.2318,10/7/2020 0:00,8/22/2020 0:00,215,1,Central,119,2,0,X,X,OTHER PREMISE,500,IC,Invest Cont,Crimes against Public Order,1
4700 AUGUST ST,34.0173,-118.3505,10/7/2020 0:00,10/7/2020 0:00,10,3,Southwest,361,2,65,M,O,"VEHICLE, PASSENGER/TRUCK",400,AA,Adult Arrest,Property Crimes,1
96TH ST,33.949,-118.2462,10/8/2020 0:00,10/8/2020 0:00,1945,18,Southeast,1826,2,0,X,X,STREET,106,IC,Invest Cont,Crimes against Public Order,1
FIGUEROA ST,34.0419,-118.2669,10/11/2020 0:00,10/11/2020 0:00,2107,1,Central,182,1,0,X,X,STREET,212,IC,Invest Cont,Violent Crimes,1
MONA BL,33.9334,-118.2304,10/11/2020 0:00,10/11/2020 0:00,220,18,Southeast,1849,1,36,X,X,STREET,102,IC,Invest Cont,Violent Crimes,1
3100 WILSHIRE BL,34.0652,-118.2878,10/12/2020 0:00,10/10/2020 0:00,1355,20,Olympic,2029,1,0,X,X,OTHER BUSINESS,500,IC,Invest Cont,Property Crimes,1
400 E FLORENCE AV,33.9784,-118.263,10/14/2020 0:00,10/14/2020 0:00,1600,13,Newton,1395,1,0,X,X,CELL PHONE STORE,109,IC,Invest Cont,Property Crimes,1
1300 W 37TH PL,34.02,-118.2977,10/15/2020 0:00,2/27/2020 0:00,2300,3,Southwest,357,1,26,F,O,"MULTI-UNIT DWELLING (APARTMENT, DUPLEX, ETC)",400,AO,Adult Other,Violent Crimes,1
22200 DEL VALLE ST,34.1668,-118.6104,10/15/2020 0:00,10/13/2020 0:00,2000,21,Topanga,2185,2,74,M,A,SINGLE FAMILY DWELLING,400,AA,Adult Arrest,Violent Crimes,1
20100 VANOWEN ST,34.1938,-118.5719,10/15/2020 0:00,10/15/2020 0:00,235,21,Topanga,2148,1,35,M,X,HOTEL,109,AA,Adult Arrest,Violent Crimes,1
1600 N LAUREL AV,34.0999,-118.3643,10/16/2020 0:00,10/14/2020 0:00,300,6,Hollywood,632,2,0,X,X,"MULTI-UNIT DWELLING (APARTMENT, DUPLEX, ETC)",500,IC,Invest Cont,Property Crimes,1
S 6TH,34.0466,-118.252,10/17/2020 0:00,10/17/2020 0:00,1625,1,Central,153,2,0,X,X,STREET,500,AA,Adult Arrest,Other Crimes,1
4100 ARCH DR,34.1417,-118.3719,10/17/2020 0:00,10/17/2020 0:00,115,15,N Hollywood,1585,1,34,F,W,"MULTI-UNIT DWELLING (APARTMENT, DUPLEX, ETC)",102,IC,Invest Cont,Crimes against Public Order,1
1100 S VERMONT AV,34.0499,-118.2879,10/19/2020 0:00,10/19/2020 0:00,1650,20,Olympic,2069,2,0,X,X,POLICE FACILITY,400,IC,Invest Cont,Violent Crimes,1
2400 W OLYMPIC BL,34.0524,-118.2837,10/21/2020 0:00,10/21/2020 0:00,5,2,Rampart,271,1,0,M,O,TRASH CAN/TRASH DUMPSTER,506,IC,Invest Cont,Property Crimes,1
4600 ABARGO ST,34.1539,-118.5905,10/22/2020 0:00,10/21/2020 0:00,930,21,Topanga,2196,2,50,M,X,SINGLE FAMILY DWELLING,106,IC,Invest Cont,Crimes against Public Order,1
65TH PL,33.9798,-118.2959,10/23/2020 0:00,10/23/2020 0:00,1835,12,77th Street,1245,2,0,X,X,STREET,102,IC,Invest Cont,Crimes against Public Order,1
23100 VOSE ST,34.1979,-118.6307,10/25/2020 0:00,10/25/2020 0:00,1050,21,Topanga,2133,1,89,F,W,SINGLE FAMILY DWELLING,200,AA,Adult Arrest,Violent Crimes,1
GRANT ST,33.7835,-118.277,10/26/2020 0:00,10/25/2020 0:00,2200,5,Harbor,514,2,0,X,X,SIDEWALK,106,IC,Invest Cont,Crimes against Public Order,1
4600 W MARTIN LUTHER KING JR BL,34.0195,-118.3489,10/26/2020 0:00,10/26/2020 0:00,2005,3,Southwest,362,2,19,X,X,"MULTI-UNIT DWELLING (APARTMENT, DUPLEX, ETC)",106,IC,Invest Cont,Crimes against Public Order,1
8300 BEVERLY BL,34.0782,-118.3695,10/27/2020 0:00,10/26/2020 0:00,2220,7,Wilshire,711,1,0,M,O,ALLEY,500,IC,Invest Cont,Property Crimes,1
8TH ST,34.0476,-118.2612,10/27/2020 0:00,10/27/2020 0:00,2300,1,Central,162,2,0,X,X,"VEHICLE, PASSENGER/TRUCK",500,IC,Invest Cont,Property Crimes,1
1500 W WASHINGTON BL,34.04,-118.2906,10/28/2020 0:00,10/22/2020 0:00,1603,20,Olympic,2099,2,0,X,X,HIGH SCHOOL,511,IC,Invest Cont,Crimes against Public Order,1
800 S FLOWER ST,34.0468,-118.2605,10/28/2020 0:00,10/28/2020 0:00,1,1,Central,162,1,0,X,X,RESTAURANT/FAST FOOD,500,IC,Invest Cont,Property Crimes,1
2700 S PALM GROVE AV,34.0313,-118.3457,10/29/2020 0:00,10/29/2020 0:00,1,3,Southwest,331,2,19,X,X,SIDEWALK,102,IC,Invest Cont,Crimes against Public Order,1
13000 PACIFIC,33.9727,-118.4237,10/30/2020 0:00,10/25/2020 0:00,2315,14,Pacific,1464,1,60,M,O,GARAGE/CARPORT,500,IC,Invest Cont,Property Crimes,1
4000 CRENSHAW BL,34.0126,-118.3403,10/30/2020 0:00,10/30/2020 0:00,1400,3,Southwest,363,2,19,X,X,DEPARTMENT STORE,500,IC,Invest Cont,Property Crimes,1
2700 WILSHIRE BL,34.0609,-118.2823,11/1/2020 0:00,10/30/2020 0:00,600,2,Rampart,251,1,0,X,X,WAREHOUSE,500,IC,Invest Cont,Property Crimes,1
3100 W PICO BL,34.0506,-118.3127,11/1/2020 0:00,11/1/2020 0:00,930,20,Olympic,2062,1,0,X,X,OTHER BUSINESS,400,IC,Invest Cont,Property Crimes,1
8800 TOBIAS AV,34.2299,-118.4517,11/1/2020 0:00,11/1/2020 0:00,50,19,Mission,1985,2,51,F,O,"MULTI-UNIT DWELLING (APARTMENT, DUPLEX, ETC)",400,AO,Adult Other,Violent Crimes,1
1000 S HILL ST,34.0402,-118.2598,11/2/2020 0:00,11/2/2020 0:00,20,1,Central,185,1,0,X,X,OTHER PREMISE,400,AO,Adult Other,Property Crimes,1
1600 N HOBART BL,34.1,-118.3056,11/2/2020 0:00,11/2/2020 0:00,200,6,Hollywood,649,1,53,M,A,"MULTI-UNIT DWELLING (APARTMENT, DUPLEX, ETC)",205,IC,Invest Cont,Crimes against Public Order,1
1700 N LA BREA AV,34.1016,-118.3452,11/3/2020 0:00,11/3/2020 0:00,2005,6,Hollywood,645,2,0,X,X,MOTEL,306,IC,Invest Cont,Property Crimes,1
SUNSET BL,34.0812,-118.252,11/4/2020 0:00,10/27/2020 0:00,2030,11,Northeast,1184,1,0,X,X,STREET,212,IC,Invest Cont,Violent Crimes,1
900 W TEMPLE ST,34.0607,-118.2494,11/4/2020 0:00,11/3/2020 0:00,2232,1,Central,121,1,26,M,O,"MULTI-UNIT DWELLING (APARTMENT, DUPLEX, ETC)",102,IC,Invest Cont,Property Crimes,1
1200 VINE ST,34.0926,-118.3266,11/4/2020 0:00,11/4/2020 0:00,1,6,Hollywood,666,1,0,X,X,DRUG STORE,500,IC,Invest Cont,Property Crimes,1
23RD,33.7234,-118.299,11/5/2020 0:00,11/5/2020 0:00,2020,5,Harbor,585,2,0,X,X,STREET,102,IC,Invest Cont,Crimes against Public Order,1
3400 WILSHIRE BL,34.0618,-118.2975,11/6/2020 0:00,11/6/2020 0:00,1640,20,Olympic,2035,1,0,X,X,CELL PHONE STORE,205,AO,Adult Other,Property Crimes,1
1300 W 29TH ST,34.0307,-118.2923,11/6/2020 0:00,11/6/2020 0:00,1235,3,Southwest,325,1,19,X,X,DRUG STORE,102,AA,Adult Arrest,Property Crimes,1
600 ISLAND AV,33.7769,-118.2662,11/7/2020 0:00,11/7/2020 0:00,1,5,Harbor,526,1,50,F,B,"MULTI-UNIT DWELLING (APARTMENT, DUPLEX, ETC)",102,IC,Invest Cont,Crimes against Public Order,1
600 S RAMPART BL,34.0619,-118.2817,11/10/2020 0:00,11/10/2020 0:00,100,2,Rampart,251,2,0,X,X,MINI-MART,400,IC,Invest Cont,Property Crimes,1
16TH ST,34.0266,-118.2491,11/11/2020 0:00,11/11/2020 0:00,1908,13,Newton,1313,1,40,F,O,STREET,106,IC,Invest Cont,Violent Crimes,1
3300 DREW ST,34.1199,-118.2431,11/13/2020 0:00,11/13/2020 0:00,1310,11,Northeast,1124,2,0,X,X,STREET,109,IC,Invest Cont,Crimes against Public Order,1
RONALD REAGA FY,34.2609,-118.5346,11/14/2020 0:00,11/14/2020 0:00,830,17,Devonshire,1743,1,0,X,X,GAS STATION,515,AA,Adult Arrest,Property Crimes,1
4100 S VERMONT AV,34.0073,-118.298,11/18/2020 0:00,11/17/2020 0:00,1700,3,Southwest,397,1,19,X,X,HIGH SCHOOL,106,IC,Invest Cont,Crimes against Public Order,1
2100 W JEFFERSON BL,34.0255,-118.318,11/18/2020 0:00,11/18/2020 0:00,615,3,Southwest,354,2,19,X,X,OTHER BUSINESS,306,AO,Adult Other,Property Crimes,1
11000 W PICO BL,34.0383,-118.4325,11/21/2020 0:00,11/20/2020 0:00,2130,8,West LA,884,2,0,X,X,OTHER BUSINESS,500,IC,Invest Cont,Property Crimes,1
1100 S OLIVE ST,34.04,-118.2617,11/21/2020 0:00,11/21/2020 0:00,600,1,Central,182,2,0,X,X,OTHER BUSINESS,500,AA,Adult Arrest,Property Crimes,1
15300 S VERMONT AV,33.8919,-118.2917,11/23/2020 0:00,11/23/2020 0:00,2245,18,Southeast,1881,2,0,X,X,GAS STATION,306,IC,Invest Cont,Property Crimes,1
VERNON AV,34.0037,-118.3149,11/23/2020 0:00,11/23/2020 0:00,2100,12,77th Street,1203,2,0,X,X,STREET,106,IC,Invest Cont,Crimes against Public Order,1
900 N WILMINGTON BL,33.7897,-118.2787,11/26/2020 0:00,11/26/2020 0:00,1235,5,Harbor,514,1,80,X,X,"MULTI-UNIT DWELLING (APARTMENT, DUPLEX, ETC)",102,IC,Invest Cont,Crimes against Public Order,1
300 CULVER BL,33.9596,-118.4476,11/26/2020 0:00,11/26/2020 0:00,800,14,Pacific,1472,1,66,F,A,PARKING LOT,500,IC,Invest Cont,Property Crimes,1
500 S BROADWAY,34.0474,-118.2513,11/28/2020 0:00,11/28/2020 0:00,1205,1,Central,153,2,39,X,X,JEWELRY STORE,400,IC,Invest Cont,Violent Crimes,1
2400 W PICO BL,34.0473,-118.2899,11/28/2020 0:00,11/28/2020 0:00,1655,20,Olympic,2079,1,0,X,X,CLOTHING STORE,400,AO,Adult Other,Property Crimes,1
2600 ORCHARD AV,34.0303,-118.2874,11/29/2020 0:00,11/29/2020 0:00,1425,3,Southwest,327,2,19,X,X,"MULTI-UNIT DWELLING (APARTMENT, DUPLEX, ETC)",312,AO,Adult Other,Property Crimes,1
13200 WARREN AV,34.0096,-118.4537,11/30/2020 0:00,11/30/2020 0:00,1915,14,Pacific,1416,1,65,F,A,STREET,106,JA,Juv Arrest,Property Crimes,1
10300 MASON AV,34.2573,-118.5798,12/1/2020 0:00,12/1/2020 0:00,2010,17,Devonshire,1723,1,0,X,X,MARKET,102,AA,Adult Arrest,Property Crimes,1
1ST ST,34.057,-118.2437,12/2/2020 0:00,12/2/2020 0:00,15,1,Central,112,1,0,X,X,STREET,500,AA,Adult Arrest,Property Crimes,1
9500 MOONRIDGE TERRACE PL,34.123,-118.4022,12/3/2020 0:00,11/29/2020 0:00,1400,8,West LA,809,1,60,F,O,SINGLE FAMILY DWELLING,500,IC,Invest Cont,Property Crimes,1
1500 N DETROIT ST,34.098,-118.3456,12/3/2020 0:00,12/3/2020 0:00,1225,6,Hollywood,643,2,0,X,X,STREET,311,IC,Invest Cont,Property Crimes,1
SANTA MONICA,34.0908,-118.319,12/3/2020 0:00,12/3/2020 0:00,45,6,Hollywood,667,1,27,M,O,SIDEWALK,207,IC,Invest Cont,Violent Crimes,1
13300 RIVERSIDE DR,34.1576,-118.4231,12/4/2020 0:00,12/3/2020 0:00,2325,9,Van Nuys,966,2,0,X,X,DRUG STORE,514,IC,Invest Cont,Property Crimes,1
5500 W SUNSET BL,34.1,-118.3113,12/4/2020 0:00,12/4/2020 0:00,1950,6,Hollywood,648,2,0,X,X,RESTAURANT/FAST FOOD,400,IC,Invest Cont,Property Crimes,1
200 N VIRGIL AV,34.0754,-118.2868,12/5/2020 0:00,12/3/2020 0:00,2230,20,Olympic,2019,1,0,X,X,OTHER BUSINESS,500,IC,Invest Cont,Property Crimes,1
7TH ST,34.0395,-118.2451,12/5/2020 0:00,12/4/2020 0:00,2238,13,Newton,1307,2,0,M,X,STREET,106,IC,Invest Cont,Crimes against Public Order,1
4000 DALTON AV,34.0103,-118.3034,12/8/2020 0:00,12/8/2020 0:00,2030,3,Southwest,397,1,19,X,X,STREET,102,AA,Adult Arrest,Violent Crimes,1
WESTERN,34.0981,-118.3092,12/8/2020 0:00,12/8/2020 0:00,1355,6,Hollywood,668,1,0,X,X,OTHER BUSINESS,105,AA,Adult Arrest,Property Crimes,1
3300 W OLYMPIC BL,34.0526,-118.3091,12/9/2020 0:00,12/9/2020 0:00,1330,20,Olympic,2062,1,69,F,O,BUS STOP/LAYOVER (ALSO QUERY 124),400,IC,Invest Cont,Property Crimes,1
4000 S WESTERN AV,34.0104,-118.3089,12/10/2020 0:00,12/10/2020 0:00,1735,3,Southwest,395,1,19,X,X,DRUG STORE,207,IC,Invest Cont,Property Crimes,1
CLINTON,34.0851,-118.2881,12/10/2020 0:00,12/10/2020 0:00,1730,2,Rampart,203,2,0,X,X,STREET,109,AA,Adult Arrest,Crimes against Public Order,1
NORMAL,34.0873,-118.296,12/12/2020 0:00,12/12/2020 0:00,445,2,Rampart,201,2,77,M,A,STREET,400,AA,Adult Arrest,Violent Crimes,1
2400 W OLYMPIC BL,34.0524,-118.2837,12/14/2020 0:00,12/14/2020 0:00,1445,2,Rampart,271,1,47,F,O,AUTO REPAIR SHOP,102,IC,Invest Cont,Property Crimes,1
3100 WILSHIRE BL,34.0618,-118.2894,12/14/2020 0:00,12/14/2020 0:00,2150,20,Olympic,2038,1,24,M,O,PARKING LOT,102,IC,Invest Cont,Property Crimes,1
2600 E 1ST ST,34.0421,-118.206,12/14/2020 0:00,12/14/2020 0:00,421,4,Hollenbeck,467,2,0,X,X,POLICE FACILITY,511,IC,Invest Cont,Crimes against Public Order,1
10300 S WESTERN AV,33.9418,-118.309,12/15/2020 0:00,12/15/2020 0:00,2015,12,77th Street,1283,1,40,X,X,AUTO REPAIR SHOP,102,IC,Invest Cont,Violent Crimes,1
600 S SPRING ST,34.0445,-118.2523,12/18/2020 0:00,12/18/2020 0:00,820,1,Central,164,1,0,X,X,MARKET,400,IC,Invest Cont,Property Crimes,1
8900 S CENTRAL AV,33.9547,-118.2564,12/18/2020 0:00,12/18/2020 0:00,2300,18,Southeast,1806,2,0,X,X,SIDEWALK,400,IC,Invest Cont,Violent Crimes,1
5700 HOLLYWOOD BL,34.1038,-118.3151,12/18/2020 0:00,12/18/2020 0:00,430,6,Hollywood,638,1,0,X,X,MINI-MART,200,AA,Adult Arrest,Property Crimes,1
1300 W 8TH ST,34.0502,-118.2691,12/18/2020 0:00,12/18/2020 0:00,1552,2,Rampart,269,2,0,X,X,"MULTI-UNIT DWELLING (APARTMENT, DUPLEX, ETC)",500,IC,Invest Cont,Property Crimes,1
98TH ST,33.9471,-118.287,12/20/2020 0:00,12/20/2020 0:00,1623,18,Southeast,1821,2,0,X,X,STREET,109,IC,Invest Cont,Crimes against Public Order,1
600 E CENTURY BL,33.9456,-118.2652,12/21/2020 0:00,12/20/2020 0:00,2000,18,Southeast,1824,1,0,X,X,TOBACCO SHOP,500,IC,Invest Cont,Property Crimes,1
2ND,33.7424,-118.2836,12/22/2020 0:00,12/22/2020 0:00,1950,5,Harbor,564,2,0,X,X,STREET,106,IC,Invest Cont,Crimes against Public Order,1
1300 N LA BREA AV,34.0962,-118.349,12/23/2020 0:00,12/23/2020 0:00,1940,6,Hollywood,644,1,0,X,X,OTHER BUSINESS,109,AA,Adult Arrest,Property Crimes,1
21900 DEVONSHIRE ST,34.2607,-118.6025,12/24/2020 0:00,12/24/2020 0:00,824,17,Devonshire,1722,1,0,X,X,MINI-MART,511,IC,Invest Cont,Property Crimes,1
100 W MANCHESTER AV,33.9601,-118.2745,12/24/2020 0:00,12/24/2020 0:00,2105,18,Southeast,1802,1,65,F,O,PARKING LOT,400,IC,Invest Cont,Property Crimes,1
1800 W 3RD ST,34.0613,-118.2689,12/25/2020 0:00,12/25/2020 0:00,30,2,Rampart,247,2,0,X,X,LAUNDROMAT,312,AA,Adult Arrest,Property Crimes,1
800 N VERMONT AV,34.0859,-118.2917,12/25/2020 0:00,12/25/2020 0:00,1845,2,Rampart,203,2,0,X,X,RESTAURANT/FAST FOOD,500,IC,Invest Cont,Property Crimes,1
13100 COURBET LN,34.3074,-118.5053,12/26/2020 0:00,12/25/2020 0:00,2235,17,Devonshire,1705,1,29,M,O,STREET,102,IC,Invest Cont,Violent Crimes,1
1700 N HIGHLAND AV,34.1016,-118.3387,12/26/2020 0:00,12/26/2020 0:00,140,6,Hollywood,636,1,21,M,A,"MULTI-UNIT DWELLING (APARTMENT, DUPLEX, ETC)",500,IC,Invest Cont,Property Crimes,1
500 W 92ND ST,33.9528,-118.2855,12/26/2020 0:00,12/26/2020 0:00,2220,18,Southeast,1801,2,0,X,X,SINGLE FAMILY DWELLING,106,IC,Invest Cont,Crimes against Public Order,1
VOSE ST,34.1985,-118.4073,12/26/2020 0:00,12/26/2020 0:00,2328,15,N Hollywood,1513,2,0,M,W,STREET,102,IC,Invest Cont,Crimes against Public Order,1
ALAMEDA,34.0564,-118.2374,12/27/2020 0:00,12/27/2020 0:00,145,1,Central,119,1,23,M,O,STREET,307,IC,Invest Cont,Violent Crimes,1
11100 BALBOA BL,34.2757,-118.5144,12/27/2020 0:00,12/27/2020 0:00,819,17,Devonshire,1729,1,0,X,X,DEPARTMENT STORE,511,IC,Invest Cont,Property Crimes,1
BAXTER ST,34.0897,-118.25,12/27/2020 0:00,12/27/2020 0:00,1510,11,Northeast,1173,2,0,X,X,STREET,106,IC,Invest Cont,Crimes against Public Order,1
900 N WESTERN AV,34.0888,-118.3124,12/28/2020 0:00,12/28/2020 0:00,2100,6,Hollywood,657,1,0,X,X,TOBACCO SHOP,102,AA,Adult Arrest,Property Crimes,1
600 W 81ST ST,33.9655,-118.2853,12/29/2020 0:00,12/29/2020 0:00,2200,12,77th Street,1266,2,0,X,X,STREET,106,IC,Invest Cont,Crimes against Public Order,1
